"DATA","ABERTURA","FECHAMENTO","VARIAÇÃO","MÍNIMO","MÁXIMO","VOLUME"
"29/01/2024","69,49","69,17","-0,47","68,23","69,49","1,09B"
"26/01/2024","67,90","69,50","1,67","67,50","69,81","1,89B"
"25/01/2024","70,00","68,36","-2,20","67,36","70,41","3,28B"
"24/01/2024","70,30","69,90","1,01","69,75","70,83","2,60B"
"23/01/2024","68,95","69,20","2,06","68,45","69,77","2,35B"
"22/01/2024","67,50","67,80","-0,44","67,11","67,98","1,58B"
"19/01/2024","69,50","68,10","-1,30","68,05","69,51","4,11B"
"18/01/2024","70,20","69,00","-0,65","69,00","70,40","2,12B"
"17/01/2024","70,27","69,45","-1,66","69,00","70,46","3,00B"
"16/01/2024","71,60","70,62","-1,30","70,26","71,79","1,60B"
"15/01/2024","71,22","71,55","-0,20","70,70","71,70","907,42M"
"12/01/2024","72,20","71,69","-1,27","71,64","72,70","1,18B"
"11/01/2024","72,45","72,61","0,53","71,85","72,91","1,47B"
"10/01/2024","72,79","72,23","-1,50","71,95","72,79","1,54B"
"09/01/2024","74,10","73,33","-1,27","73,15","74,16","1,12B"
"08/01/2024","73,94","74,27","-0,51","73,51","74,56","1,70B"
"05/01/2024","75,03","74,65","-1,28","74,12","75,05","1,57B"
"04/01/2024","76,43","75,62","-1,34","75,36","76,64","1,42B"
"03/01/2024","76,71","76,65","-0,52","75,85","76,90","1,94B"
"02/01/2024","77,60","77,05","-0,19","76,59","78,18","1,39B"
"28/12/2023","77,00","77,20","-0,26","76,75","77,46","1,28B"
"27/12/2023","76,85","77,40","0,97","76,85","77,55","1,07B"
"26/12/2023","77,16","76,66","0,35","76,66","77,45","936,60M"
"22/12/2023","77,13","76,39","-0,75","76,29","78,20","2,02B"
"21/12/2023","75,45","76,97","3,33","75,32","77,05","1,85B"
"20/12/2023","74,73","74,49","-0,32","74,49","75,41","1,06B"
"19/12/2023","74,70","74,73","0,70","74,37","75,09","1,63B"
"18/12/2023","74,06","74,21","0,47","73,71","74,93","1,22B"
"15/12/2023","74,06","73,86","0,63","73,51","74,30","1,71B"
"14/12/2023","74,00","73,40","0,55","73,36","74,26","2,17B"
"13/12/2023","72,50","73,00","0,01","72,31","73,32","1,84B"
"12/12/2023","73,60","72,99","0,18","72,60","73,85","805,62M"
"11/12/2023","72,08","72,86","0,08","71,76","73,24","1,12B"
"08/12/2023","73,10","72,80","0,28","72,33","73,26","1,17B"
"07/12/2023","72,69","72,60","0,32","72,42","73,08","1,28B"
"06/12/2023","73,50","72,37","-0,66","72,12","73,92","1,50B"
"05/12/2023","73,23","72,85","-0,92","72,53","73,37","1,84B"
"04/12/2023","74,24","73,53","-2,25","73,04","74,50","1,65B"
"01/12/2023","74,73","75,22","1,86","74,42","75,48","1,88B"
"30/11/2023","74,01","73,85","0,54","73,72","74,44","2,20B"
"29/11/2023","73,80","73,45","-0,03","72,71","74,00","1,16B"
"28/11/2023","72,28","73,47","0,22","72,16","73,77","1,61B"
"27/11/2023","73,44","73,31","-0,60","72,90","73,86","1,27B"
"24/11/2023","74,50","73,75","-0,85","73,40","74,50","1,23B"
"23/11/2023","74,37","74,38","-0,63","74,08","74,62","763,99M"
"22/11/2023","75,85","74,85","-1,10","74,21","76,07","2,53B"
"21/11/2023","75,09","75,68","2,42","74,66","76,31","3,43B"
"20/11/2023","73,64","73,89","2,45","73,28","74,47","2,13B"
"17/11/2023","72,11","72,12","0,19","71,99","72,52","1,73B"
"16/11/2023","71,02","71,99","0,67","70,93","72,22","2,24B"
"14/11/2023","69,97","71,51","3,10","69,85","72,18","3,73B"
"13/11/2023","69,95","69,37","-0,21","68,91","70,42","1,00B"
"10/11/2023","69,37","69,51","1,53","68,88","69,69","1,54B"
"09/11/2023","68,49","68,46","0,48","68,22","69,11","1,14B"
"08/11/2023","68,12","68,13","0,07","67,83","68,84","1,44B"
"07/11/2023","68,81","68,08","-1,99","67,27","69,07","2,53B"
"06/11/2023","69,17","69,46","0,42","69,17","69,75","1,20B"
"03/11/2023","69,22","69,17","1,25","68,91","69,57","1,97B"
"01/11/2023","67,29","68,32","1,91","67,28","68,69","2,15B"
"31/10/2023","65,84","67,03","1,20","65,64","67,27","1,40B"
"30/10/2023","66,45","66,24","0,90","66,10","66,93","1,77B"
"27/10/2023","63,60","65,64","3,48","62,87","65,83","3,12B"
"26/10/2023","61,98","63,44","2,14","61,80","63,51","1,94B"
"25/10/2023","62,86","62,11","-0,09","61,93","63,32","1,63B"
"24/10/2023","62,18","62,17","2,29","61,76","62,44","1,35B"
"23/10/2023","60,61","60,78","-0,19","60,34","61,14","1,07B"
"20/10/2023","61,52","60,89","-2,70","60,23","61,66","3,51B"
"19/10/2023","63,44","62,58","-1,44","62,58","63,78","1,43B"
"18/10/2023","65,32","63,50","-3,67","63,47","65,38","2,23B"
"17/10/2023","65,09","65,92","0,82","64,69","66,11","1,56B"
"16/10/2023","65,48","65,38","1,07","65,27","65,82","857,38M"
"13/10/2023","65,28","64,69","-1,14","64,57","65,38","1,05B"
"11/10/2023","64,91","65,44","0,87","64,79","65,51","884,21M"
"10/10/2023","65,15","64,88","0,60","64,80","65,55","1,18B"
"09/10/2023","63,86","64,49","-0,72","63,53","64,49","914,95M"
"06/10/2023","64,01","64,95","1,46","63,94","65,53","1,47B"
"05/10/2023","63,99","64,02","0,05","63,79","64,56","736,21M"
"04/10/2023","64,51","63,99","-1,07","63,66","64,88","914,84M"
"03/10/2023","64,20","64,68","-0,61","64,19","65,05","979,92M"
"02/10/2023","65,65","65,08","-0,87","64,72","65,79","724,88M"
"29/09/2023","65,39","65,65","1,32","65,13","65,72","1,24B"
"28/09/2023","64,23","64,80","1,52","64,08","65,13","1,68B"
"27/09/2023","64,22","63,83","0,21","63,45","64,30","1,09B"
"26/09/2023","63,83","63,69","-1,56","63,51","64,37","1,54B"
"25/09/2023","65,10","64,70","-2,06","63,90","65,12","2,23B"
"22/09/2023","66,44","66,06","0,74","65,99","66,91","1,13B"
"21/09/2023","66,35","65,58","-2,61","65,58","66,51","1,43B"
"20/09/2023","67,31","67,33","0,67","67,07","67,78","958,12M"
"19/09/2023","66,71","66,89","0,19","66,27","67,28","2,93B"
"18/09/2023","67,56","66,76","-1,18","66,60","68,05","1,46B"
"15/09/2023","68,98","67,56","-0,83","67,56","69,20","2,55B"
"14/09/2023","67,33","68,12","4,10","67,08","68,67","4,24B"
"13/09/2023","65,74","65,44","-0,38","65,24","65,85","1,01B"
"12/09/2023","66,06","65,69","-0,07","65,52","66,31","929,15M"
"11/09/2023","66,16","65,74","1,44","65,62","66,24","1,28B"
"08/09/2023","64,80","64,81","-1,90","64,35","64,94","1,29B"
"06/09/2023","67,18","66,06","-1,59","65,95","67,61","1,89B"
"05/09/2023","67,02","67,13","-0,43","66,63","67,53","1,29B"
"04/09/2023","67,31","67,42","0,74","66,92","68,05","1,51B"
"01/09/2023","64,79","66,93","5,85","64,73","67,03","3,76B"
"31/08/2023","63,70","63,23","0,15","63,23","64,28","1,97B"
"30/08/2023","63,35","63,13","0,02","62,89","63,99","1,38B"
"29/08/2023","61,57","63,12","3,19","61,43","63,18","1,78B"
"28/08/2023","60,65","61,17","1,43","60,50","61,47","862,99M"
"25/08/2023","60,88","60,30","-0,21","60,14","60,99","685,82M"
"24/08/2023","60,90","60,43","-1,33","60,07","60,90","1,08B"
"23/08/2023","61,45","61,24","0,74","61,24","61,86","2,89B"
"22/08/2023","60,27","60,80","2,26","60,26","61,07","2,74B"
"21/08/2023","59,74","59,46","-0,03","59,28","59,98","949,44M"
"18/08/2023","60,81","59,48","-1,11","59,28","60,31","3,93B"
"17/08/2023","59,64","60,15","1,41","59,96","61,02","4,08B"
"16/08/2023","59,64","59,31","-0,39","59,26","60,17","3,33B"
"15/08/2023","60,18","59,54","-0,99","59,40","60,19","4,00B"
"14/08/2023","61,19","60,14","-3,10","60,14","61,24","2,19B"
"11/08/2023","62,70","62,06","-0,83","61,79","62,88","4,24B"
"10/08/2023","63,29","62,58","-1,18","62,47","63,64","1,77B"
"09/08/2023","63,91","63,33","-0,90","63,12","64,33","1,39B"
"08/08/2023","63,46","63,91","-0,65","62,61","64,56","2,75B"
"07/08/2023","64,09","64,32","0,50","63,36","64,58","1,47B"
"04/08/2023","63,66","64,00","0,07","63,62","64,73","1,47B"
"03/08/2023","63,33","63,95","0,63","62,99","64,31","2,26B"
"02/08/2023","64,17","63,56","-1,63","63,38","64,19","1,87B"
"01/08/2023","65,15","64,61","-1,39","64,32","65,19","1,93B"
"31/07/2023","64,42","65,52","2,26","64,27","66,01","1,70B"
"28/07/2023","66,33","64,07","-3,96","64,07","66,33","2,96B"
"27/07/2023","67,45","66,71","-1,87","66,40","67,49","1,86B"
"26/07/2023","67,97","67,98","-0,35","67,02","68,44","1,29B"
"25/07/2023","67,92","68,22","3,09","67,85","68,83","2,16B"
"24/07/2023","64,13","66,17","3,02","63,95","66,62","2,00B"
"21/07/2023","63,89","64,23","0,61","63,45","64,58","1,58B"
"20/07/2023","64,56","63,84","0,22","63,80","64,88","1,34B"
"19/07/2023","63,94","63,70","-0,27","63,43","64,39","921,93M"
"18/07/2023","64,16","63,87","-0,63","63,74","64,67","1,08B"
"17/07/2023","64,73","64,28","-1,11","63,50","64,73","978,44M"
"14/07/2023","65,55","65,00","0,00","64,66","65,64","1,32B"
"13/07/2023","64,63","65,00","2,33","64,34","65,18","1,56B"
"12/07/2023","64,42","63,52","0,71","63,47","64,49","1,45B"
"11/07/2023","61,65","63,07","3,29","61,46","63,48","2,22B"
"10/07/2023","61,10","61,06","-1,53","60,94","61,76","2,24B"
"07/07/2023","61,08","62,01","0,94","60,92","62,14","3,52B"
"06/07/2023","61,31","61,43","-0,72","61,05","62,14","1,14B"
"05/07/2023","62,15","61,88","-0,88","61,59","62,39","1,68B"
"04/07/2023","62,37","62,43","-0,50","62,33","62,96","775,41M"
"03/07/2023","61,30","62,74","3,13","61,24","63,00","1,42B"
"30/06/2023","62,25","60,84","-1,97","60,84","62,58","3,47B"
"29/06/2023","61,31","62,06","1,22","60,96","62,46","3,67B"
"28/06/2023","63,26","61,31","-3,16","61,31","63,30","3,53B"
"27/06/2023","63,38","63,31","1,20","62,95","63,74","2,21B"
"26/06/2023","62,11","62,56","0,21","61,88","62,81","875,04M"
"23/06/2023","62,52","62,43","-1,10","61,86","62,62","2,69B"
"22/06/2023","63,16","63,12","-0,45","62,81","64,29","2,97B"
"21/06/2023","63,54","63,40","-1,01","63,21","63,79","3,87B"
"20/06/2023","65,37","64,05","-2,58","63,76","65,38","3,09B"
"19/06/2023","65,98","65,74","-0,39","65,06","65,98","886,29M"
"16/06/2023","65,74","66,00","0,16","65,56","66,50","3,58B"
"15/06/2023","65,46","65,90","0,78","64,76","65,98","5,44B"
"14/06/2023","65,36","65,38","1,75","64,88","65,94","5,49B"
"13/06/2023","64,70","64,26","1,06","64,05","64,96","3,70B"
"12/06/2023","64,23","63,58","-1,81","63,19","64,23","1,55B"
"09/06/2023","66,00","64,76","-0,45","64,66","66,12","3,58B"
"07/06/2023","64,04","65,05","1,58","63,85","65,06","3,79B"
"06/06/2023","64,23","64,04","0,33","63,85","64,79","3,27B"
"05/06/2023","64,86","63,83","-0,82","63,12","64,87","1,25B"
"02/06/2023","64,42","64,36","4,27","63,82","64,61","5,54B"
"01/06/2023","61,52","61,73","2,12","60,77","62,31","9,44B"
"31/05/2023","60,89","60,45","-0,73","60,16","61,45","7,19B"
"30/05/2023","62,83","60,89","-2,35","60,51","62,83","3,37B"
"29/05/2023","63,79","62,36","-0,75","62,28","64,13","1,01B"
"26/05/2023","63,23","62,84","2,28","62,44","63,51","4,45B"
"25/05/2023","62,33","61,43","-0,31","61,37","62,33","4,17B"
"24/05/2023","62,32","61,62","-2,27","61,41","62,32","4,30B"
"23/05/2023","63,94","63,05","-2,26","63,01","64,12","3,49B"
"22/05/2023","64,80","64,51","-1,60","64,20","65,27","1,12B"
"19/05/2023","66,79","65,56","-1,10","65,49","66,89","3,16B"
"18/05/2023","66,20","66,29","0,14","65,48","66,62","3,34B"
"17/05/2023","65,48","66,20","3,31","65,19","66,54","3,44B"
"16/05/2023","65,37","64,08","-2,06","64,04","65,56","2,75B"
"15/05/2023","65,65","65,42","1,44","65,29","66,44","1,25B"
"12/05/2023","64,32","64,49","0,10","63,86","64,96","2,81B"
"11/05/2023","64,42","64,43","-1,95","63,81","64,69","3,28B"
"10/05/2023","67,16","65,71","-1,88","65,07","67,32","2,75B"
"09/05/2023","65,84","66,97","1,03","65,06","66,99","2,81B"
"08/05/2023","66,98","66,28","1,35","66,17","67,36","1,57B"
"05/05/2023","64,12","65,40","3,26","63,69","65,60","3,96B"
"04/05/2023","65,41","63,34","-3,10","63,20","65,68","3,49B"
"03/05/2023","66,26","65,37","-0,73","65,23","66,39","3,65B"
"02/05/2023","67,54","65,85","-3,99","65,67","66,41","2,27B"
"28/04/2023","67,86","68,59","0,89","67,32","68,61","3,34B"
"27/04/2023","66,03","67,98","2,12","65,54","68,00","3,72B"
"26/04/2023","67,26","66,57","0,39","66,57","67,67","3,64B"
"25/04/2023","67,45","66,31","-2,72","66,04","67,45","4,01B"
"24/04/2023","68,40","68,17","-3,62","67,82","68,72","1,78B"
"20/04/2023","71,90","70,73","-2,09","70,60","72,43","4,07B"
"19/04/2023","73,23","72,23","-2,92","71,07","73,53","3,24B"
"18/04/2023","74,64","74,40","0,86","73,57","74,77","2,61B"
"17/04/2023","75,29","73,77","-1,19","73,37","76,20","1,45B"
"14/04/2023","74,93","74,66","-0,88","73,89","75,60","3,17B"
"13/04/2023","75,79","75,32","-1,35","74,81","76,47","3,96B"
"12/04/2023","78,39","76,35","-2,14","76,06","78,44","4,94B"
"11/04/2023","76,26","78,02","5,28","75,84","78,58","3,49B"
"10/04/2023","72,71","74,11","1,93","72,70","74,13","1,01B"
"06/04/2023","72,63","72,71","-0,18","72,26","73,42","2,76B"
"05/04/2023","73,65","72,84","-1,47","71,90","73,66","3,26B"
"04/04/2023","75,75","73,93","-2,83","73,65","75,94","2,52B"
"03/04/2023","75,60","76,08","0,03","75,23","76,16","937,92M"
"31/03/2023","77,30","76,06","-1,87","75,70","77,84","2,59B"
"30/03/2023","77,40","77,51","1,63","76,88","77,63","2,29B"
"29/03/2023","75,78","76,27","1,44","75,63","76,58","2,21B"
"28/03/2023","74,57","75,19","1,06","74,45","75,69","1,99B"
"27/03/2023","75,32","74,40","-0,17","73,92","75,86","982,10M"
"24/03/2023","75,49","74,53","-1,14","73,98","75,65","3,81B"
"23/03/2023","77,23","75,39","-2,57","74,66","77,85","3,17B"
"22/03/2023","77,68","77,38","-1,25","77,31","78,39","2,47B"
"21/03/2023","78,84","78,35","-0,84","77,25","79,05","2,63B"
"20/03/2023","78,36","79,02","0,82","77,50","79,57","1,38B"
"17/03/2023","78,54","78,37","1,20","78,28","79,10","2,88B"
"16/03/2023","76,94","77,44","0,37","76,46","77,82","3,98B"
"15/03/2023","77,68","77,16","-3,01","75,88","78,70","3,94B"
"14/03/2023","78,74","79,56","0,91","78,53","79,91","1,30B"
"13/03/2023","78,21","78,84","0,41","77,93","79,72","1,69B"
"10/03/2023","78,42","78,51","-0,33","78,11","79,88","1,72B"
"09/03/2023","78,91","78,77","-1,31","78,62","80,17","1,93B"
"08/03/2023","79,35","79,82","0,91","79,16","80,10","1,78B"
"07/03/2023","80,51","79,10","-0,95","78,61","81,02","1,66B"
"06/03/2023","81,04","79,86","-3,53","79,83","81,48","1,85B"
"03/03/2023","83,52","82,78","0,34","82,32","83,70","1,64B"
"02/03/2023","82,68","82,50","-0,22","81,96","83,55","1,80B"
"01/03/2023","81,36","82,68","4,55","81,11","83,29","2,55B"
"28/02/2023","78,85","79,09","0,33","78,18","80,18","1,68B"
"27/02/2023","78,38","78,83","0,00","77,54","79,14","1,13B"
"24/02/2023","79,76","78,83","-2,20","78,47","80,16","1,36B"
"23/02/2023","80,64","80,60","-0,47","79,30","81,64","1,73B"
"22/02/2023","80,69","80,98","-0,76","80,25","81,99","1,37B"
"17/02/2023","83,05","81,60","-1,30","81,14","83,19","2,16B"
"16/02/2023","82,77","82,67","0,21","82,41","83,67","2,39B"
"15/02/2023","80,74","82,50","2,18","80,24","82,72","2,33B"
"14/02/2023","80,64","80,74","0,45","80,21","81,31","1,62B"
"13/02/2023","79,64","80,38","-0,10","79,07","80,75","1,11B"
"10/02/2023","81,74","80,46","-1,80","80,05","82,45","1,46B"
"09/02/2023","82,24","81,93","-0,37","81,08","83,01","1,62B"
"08/02/2023","82,59","82,24","0,34","81,20","82,84","1,18B"
"07/02/2023","81,19","81,96","0,66","80,64","82,20","1,33B"
"06/02/2023","81,76","81,42","-1,25","80,33","81,80","1,45B"
"03/02/2023","83,20","82,45","-0,21","82,21","84,14","1,87B"
"02/02/2023","84,99","82,63","-4,62","82,37","85,24","3,16B"
"01/02/2023","88,25","86,63","-1,11","84,90","88,25","2,47B"
"31/01/2023","87,42","87,61","-0,49","86,99","87,95","1,81B"
"30/01/2023","88,89","88,04","-0,36","87,31","89,26","2,10B"
"27/01/2023","90,70","88,36","-2,73","87,90","91,11","3,08B"
"26/01/2023","89,45","90,84","1,87","89,35","90,84","2,43B"
"25/01/2023","88,25","89,17","0,94","87,85","89,36","1,62B"
"24/01/2023","87,42","88,34","1,06","86,39","88,34","1,53B"
"23/01/2023","87,46","87,41","0,33","86,85","87,78","1,18B"
"20/01/2023","87,04","87,12","0,27","86,67","87,66","3,82B"
"19/01/2023","86,95","86,89","0,43","86,50","87,48","1,89B"
"18/01/2023","86,26","86,52","1,31","86,12","87,36","1,45B"
"17/01/2023","85,75","85,40","-0,13","85,12","86,43","1,60B"
"16/01/2023","85,28","85,51","-1,67","84,19","85,64","1,66B"
"13/01/2023","86,85","86,97","0,09","86,54","87,39","1,47B"
"12/01/2023","86,65","86,89","0,53","86,15","87,41","1,57B"
"11/01/2023","87,12","86,44","-0,35","85,52","87,58","2,06B"
"10/01/2023","85,73","86,74","1,23","85,59","87,04","1,72B"
"09/01/2023","84,84","85,69","0,11","84,58","86,20","1,65B"
"06/01/2023","84,35","85,59","1,58","84,35","85,96","2,68B"
"05/01/2023","82,92","84,26","1,68","82,50","84,98","2,44B"
"04/01/2023","82,78","82,87","0,18","81,52","83,10","2,17B"
"03/01/2023","82,87","82,72","-0,18","82,40","83,51","2,10B"
"02/01/2023","82,20","82,87","0,58","82,06","83,33","1,06B"
"29/12/2022","82,50","82,39","-0,12","82,34","83,38","3,12B"
"28/12/2022","82,67","82,49","-0,22","82,22","83,62","1,93B"
"27/12/2022","81,57","82,67","2,39","81,08","83,10","2,20B"
"26/12/2022","80,11","80,75","0,92","80,02","81,14","1,49B"
"23/12/2022","79,05","80,01","0,66","78,86","80,20","1,49B"
"22/12/2022","79,98","79,49","-0,57","78,50","80,32","4,58B"
"21/12/2022","80,55","79,94","0,57","79,53","81,02","3,14B"
"20/12/2022","79,13","79,49","0,45","79,08","80,88","1,81B"
"19/12/2022","78,79","79,13","-0,36","78,09","79,34","2,17B"
"16/12/2022","80,64","79,42","-1,71","78,34","80,94","2,99B"
"15/12/2022","81,01","80,80","0,32","80,54","81,73","2,01B"
"14/12/2022","79,49","80,54","0,85","79,25","80,95","2,78B"
"13/12/2022","79,95","79,87","0,37","79,37","81,02","2,53B"
"12/12/2022","81,47","79,57","-2,99","78,91","81,61","2,79B"
"09/12/2022","81,39","82,02","3,33","80,90","82,76","3,10B"
"08/12/2022","79,02","79,37","1,23","78,89","80,64","2,39B"
"07/12/2022","79,40","78,41","-3,56","77,51","79,87","3,56B"
"06/12/2022","80,40","81,31","1,45","80,30","82,19","1,73B"
"05/12/2022","81,24","80,14","-0,10","80,11","82,25","1,78B"
"02/12/2022","80,19","80,23","0,72","78,53","81,09","2,42B"
"01/12/2022","79,87","79,65","0,55","78,31","80,18","2,73B"
"30/11/2022","78,56","79,22","1,50","78,34","80,06","4,76B"
"29/11/2022","76,57","78,04","3,86","76,36","79,19","3,34B"
"28/11/2022","74,49","75,14","0,49","73,50","76,10","1,21B"
"25/11/2022","75,79","74,77","-0,68","74,57","76,60","1,55B"
"24/11/2022","75,34","75,28","0,64","74,50","76,15","936,01M"
"23/11/2022","74,80","74,80","0,99","73,88","75,20","1,67B"
"22/11/2022","73,89","74,07","0,28","73,38","75,29","2,01B"
"21/11/2022","73,11","73,87","-1,13","72,35","74,12","2,04B"
"18/11/2022","77,96","74,71","-2,73","74,59","78,09","3,33B"
"17/11/2022","74,74","76,81","0,80","74,62","76,98","2,41B"
"16/11/2022","77,01","76,20","-1,04","75,36","78,35","2,52B"
"14/11/2022","76,15","77,00","1,23","75,22","78,04","3,36B"
"11/11/2022","72,08","76,07","10,40","71,36","76,70","5,95B"
"10/11/2022","66,08","68,90","1,91","65,97","69,75","3,27B"
"09/11/2022","68,49","67,61","-1,22","67,03","69,12","2,87B"
"08/11/2022","66,22","68,44","3,03","66,22","69,25","2,72B"
"07/11/2022","66,55","66,43","-0,53","66,03","67,50","1,96B"
"04/11/2022","65,76","66,78","7,60","65,44","67,83","4,07B"
"03/11/2022","62,52","62,06","-2,92","61,54","62,79","2,13B"
"01/11/2022","64,19","63,93","3,04","63,73","65,44","5,08B"
"31/10/2022","61,00","62,05","-0,47","60,56","64,14","2,42B"
"28/10/2022","63,39","62,34","-4,88","61,60","63,82","3,28B"
"27/10/2022","66,55","65,54","-3,56","64,17","66,66","3,41B"
"26/10/2022","65,88","67,96","2,22","65,73","69,18","2,77B"
"25/10/2022","66,19","66,48","0,00","65,55","67,72","1,87B"
"24/10/2022","67,72","66,48","-2,97","65,79","68,35","2,13B"
"21/10/2022","66,36","68,52","2,93","66,03","69,02","2,49B"
"20/10/2022","65,60","66,56","1,28","64,99","67,65","3,44B"
"19/10/2022","66,20","65,72","-1,18","65,23","66,67","1,49B"
"18/10/2022","66,82","66,51","1,83","65,38","67,31","1,82B"
"17/10/2022","64,89","65,32","1,20","64,01","65,84","1,68B"
"14/10/2022","67,11","64,54","-3,26","64,33","67,80","2,21B"
"13/10/2022","66,78","66,71","-1,78","65,67","67,29","2,18B"
"11/10/2022","67,66","67,92","-0,68","66,57","68,56","5,22B"
"10/10/2022","70,62","68,39","-2,01","67,91","71,19","3,12B"
"07/10/2022","69,65","69,79","-0,05","69,47","73,42","5,96B"
"06/10/2022","71,35","69,83","-1,83","69,25","71,69","5,37B"
"05/10/2022","70,51","71,13","1,54","70,35","71,96","3,00B"
"04/10/2022","68,58","70,05","2,42","68,45","70,47","2,91B"
"03/10/2022","67,69","68,39","2,72","65,74","68,55","2,87B"
"30/09/2022","63,30","66,58","5,28","63,09","67,38","3,66B"
"29/09/2022","62,78","63,25","0,13","62,25","63,57","2,19B"
"28/09/2022","62,58","63,16","0,95","62,33","63,63","1,53B"
"27/09/2022","63,39","62,57","-0,44","62,10","63,59","1,98B"
"26/09/2022","62,57","62,85","-0,83","62,52","64,16","2,18B"
"23/09/2022","63,51","63,38","-2,07","62,69","63,82","2,78B"
"22/09/2022","64,86","64,72","2,29","64,03","65,34","2,23B"
"21/09/2022","64,19","63,27","-1,44","63,23","64,69","2,83B"
"20/09/2022","64,51","64,19","-1,43","63,22","64,79","2,25B"
"19/09/2022","62,32","65,12","3,24","62,23","65,22","2,17B"
"16/09/2022","62,18","63,08","-0,15","61,55","63,64","4,09B"
"15/09/2022","62,66","63,17","2,02","62,09","63,43","2,31B"
"14/09/2022","62,62","61,93","-1,83","61,44","63,76","1,93B"
"13/09/2022","64,07","63,08","-2,71","62,93","65,62","1,88B"
"12/09/2022","64,78","64,84","0,86","64,01","65,25","1,52B"
"09/09/2022","61,51","64,28","7,81","61,22","64,37","3,08B"
"08/09/2022","59,31","59,62","1,32","58,75","59,80","1,43B"
"06/09/2022","59,77","58,85","-2,38","58,77","60,59","1,45B"
"05/09/2022","59,57","60,28","3,66","59,36","61,44","1,46B"
"02/09/2022","59,61","58,15","-1,52","58,15","59,91","2,92B"
"01/09/2022","59,13","59,05","-0,95","57,21","59,13","2,38B"
"31/08/2022","60,46","59,61","-0,72","59,61","60,71","1,97B"
"30/08/2022","60,95","60,05","-2,90","59,52","61,54","2,07B"
"29/08/2022","62,39","61,84","-1,93","61,79","62,76","1,37B"
"26/08/2022","64,37","63,06","-1,50","63,06","65,81","1,82B"
"25/08/2022","63,68","64,02","1,94","63,08","64,17","1,59B"
"24/08/2022","64,49","62,80","-3,22","62,67","64,93","4,13B"
"23/08/2022","61,72","64,89","6,41","61,60","64,98","2,37B"
"22/08/2022","61,74","60,98","-1,46","60,84","61,84","1,18B"
"19/08/2022","61,93","61,89","-1,12","61,44","62,33","2,82B"
"18/08/2022","63,13","62,59","-0,75","62,58","63,41","1,73B"
"17/08/2022","63,15","63,06","-2,46","62,75","63,59","1,83B"
"16/08/2022","64,24","64,65","2,42","63,88","65,02","1,42B"
"15/08/2022","62,85","63,13","-2,15","61,96","63,36","1,67B"
"12/08/2022","63,57","64,51","0,95","63,13","64,51","2,26B"
"11/08/2022","62,41","63,90","3,48","62,19","64,93","3,26B"
"10/08/2022","62,35","61,75","0,07","60,93","62,42","1,85B"
"09/08/2022","60,46","61,71","2,07","60,08","61,85","2,14B"
"08/08/2022","60,68","60,46","0,85","59,73","60,95","2,14B"
"05/08/2022","59,85","59,94","1,30","59,50","60,61","2,16B"
"04/08/2022","59,65","59,18","-0,58","58,90","59,99","2,39B"
"03/08/2022","61,76","59,52","-3,89","59,52","61,84","1,91B"
"02/08/2022","60,24","61,93","3,19","59,05","62,12","1,98B"
"01/08/2022","60,77","60,02","-2,39","59,88","61,58","2,34B"
"29/07/2022","61,42","61,49","-1,33","59,97","61,99","4,71B"
"28/07/2022","63,00","62,32","0,24","61,98","63,44","1,35B"
"27/07/2022","61,68","62,17","0,23","61,10","62,25","1,12B"
"26/07/2022","62,87","62,03","-0,18","61,34","62,96","1,22B"
"25/07/2022","62,29","62,14","1,85","61,74","62,79","1,23B"
"22/07/2022","61,53","61,01","0,93","60,80","62,37","1,71B"
"21/07/2022","59,34","60,45","1,75","58,75","60,49","1,61B"
"20/07/2022","60,35","59,41","-2,16","58,34","60,37","2,38B"
"19/07/2022","60,13","60,72","0,22","59,94","61,06","1,31B"
"18/07/2022","62,05","60,59","0,53","60,56","62,05","1,34B"
"15/07/2022","59,50","60,27","0,62","58,75","60,38","2,17B"
"14/07/2022","62,15","59,90","-6,66","59,56","62,44","3,47B"
"13/07/2022","64,31","64,18","-0,34","63,74","64,92","1,47B"
"12/07/2022","63,47","64,40","0,30","62,64","64,50","1,42B"
"11/07/2022","65,37","64,20","-3,41","63,96","65,38","1,41B"
"08/07/2022","67,73","66,47","-2,31","66,38","68,64","1,61B"
"07/07/2022","68,11","68,04","2,91","67,77","68,95","2,33B"
"06/07/2022","65,81","66,12","0,94","64,83","66,51","1,52B"
"05/07/2022","65,53","65,50","-0,50","63,97","65,60","1,71B"
"04/07/2022","65,23","65,82","-0,57","64,86","66,12","812,22M"
"01/07/2022","66,57","66,20","-1,91","65,06","67,46","1,76B"
"30/06/2022","67,87","67,49","-2,83","67,15","68,80","1,85B"
"29/06/2022","70,18","69,46","-0,83","68,80","70,60","1,29B"
"28/06/2022","70,52","70,04","1,79","69,45","70,73","1,82B"
"27/06/2022","67,44","68,80","4,60","67,05","69,62","1,97B"
"24/06/2022","64,16","65,78","2,78","64,00","66,01","1,46B"
"23/06/2022","67,38","64,00","-3,65","63,85","68,15","2,06B"
"22/06/2022","65,23","66,42","-0,86","64,69","67,04","2,12B"
"21/06/2022","67,70","67,00","0,66","66,79","68,44","1,41B"
"20/06/2022","66,64","66,56","-2,47","65,45","67,16","1,77B"
"17/06/2022","69,95","68,24","-5,22","67,09","69,95","3,85B"
"15/06/2022","72,37","72,00","-0,06","71,88","73,85","2,10B"
"14/06/2022","72,58","72,04","-0,20","71,31","72,99","1,62B"
"13/06/2022","72,37","72,18","-3,17","70,61","73,05","2,22B"
"10/06/2022","73,49","74,54","0,02","72,62","74,92","2,11B"
"09/06/2022","76,69","74,53","-3,38","74,45","76,69","2,71B"
"08/06/2022","79,14","77,13","-3,44","76,56","79,63","2,09B"
"07/06/2022","77,79","79,89","2,34","77,67","80,12","2,14B"
"06/06/2022","79,02","78,06","0,10","78,06","79,15","1,16B"
"03/06/2022","78,90","77,98","-1,60","77,89","79,18","1,44B"
"02/06/2022","79,34","79,25","1,88","78,46","79,59","1,98B"
"01/06/2022","75,98","77,79","2,35","75,81","78,26","1,99B"
"31/05/2022","76,89","76,00","-0,51","74,94","77,07","3,12B"
"30/05/2022","76,06","76,39","1,09","75,82","77,06","1,21B"
"27/05/2022","74,84","75,57","1,74","74,67","75,71","1,36B"
"26/05/2022","74,19","74,27","-0,06","73,26","74,62","2,03B"
"25/05/2022","74,05","74,31","0,31","73,53","74,75","1,82B"
"24/05/2022","72,13","74,08","1,35","71,41","74,13","2,56B"
"23/05/2022","72,55","73,10","2,04","72,52","73,74","2,02B"
"20/05/2022","72,30","71,63","1,77","71,03","72,69","2,74B"
"19/05/2022","68,57","70,39","2,66","68,29","70,86","2,10B"
"18/05/2022","69,39","68,57","-2,53","68,25","69,86","2,10B"
"17/05/2022","72,15","70,35","-0,42","69,52","72,22","2,06B"
"16/05/2022","69,36","70,65","2,99","69,22","71,09","1,68B"
"13/05/2022","69,13","68,59","-0,12","68,58","69,95","1,79B"
"12/05/2022","67,92","68,67","-1,00","66,88","68,67","1,88B"
"11/05/2022","68,20","69,37","4,17","67,98","70,43","2,35B"
"10/05/2022","67,24","66,59","-1,24","66,00","67,83","2,12B"
"09/05/2022","68,35","67,43","-4,10","67,07","68,74","2,51B"
"06/05/2022","69,82","70,31","-0,71","68,98","71,32","1,77B"
"05/05/2022","71,89","70,81","-1,81","69,71","73,34","2,19B"
"04/05/2022","72,22","72,12","-0,84","70,39","72,45","2,42B"
"03/05/2022","73,12","72,73","-0,51","72,45","74,23","2,00B"
"02/05/2022","73,31","73,10","-0,44","71,09","73,34","2,27B"
"29/04/2022","75,97","73,42","-1,08","73,42","76,87","3,55B"
"28/04/2022","74,95","74,23","2,47","71,26","75,42","4,12B"
"27/04/2022","70,93","72,44","5,35","70,66","72,90","3,55B"
"26/04/2022","69,71","68,76","-1,37","68,63","69,92","2,55B"
"25/04/2022","68,71","69,71","-1,70","68,35","70,18","2,68B"
"22/04/2022","73,39","70,92","-5,80","70,59","73,52","2,78B"
"20/04/2022","76,35","75,28","-2,60","74,40","76,40","2,22B"
"19/04/2022","79,07","77,29","-3,19","76,55","79,07","2,67B"
"18/04/2022","80,76","79,84","-1,65","79,35","81,10","1,18B"
"14/04/2022","82,26","81,18","-1,40","80,54","82,86","2,01B"
"13/04/2022","82,42","82,34","0,03","81,82","83,20","1,95B"
"12/04/2022","83,83","82,31","-0,67","82,19","84,28","1,39B"
"11/04/2022","82,70","82,86","-1,21","81,91","83,49","1,37B"
"08/04/2022","85,19","83,88","-2,04","83,41","85,86","2,26B"
"07/04/2022","84,19","85,62","0,60","83,87","86,12","1,70B"
"06/04/2022","84,04","85,11","1,51","84,04","85,26","1,91B"
"05/04/2022","85,83","83,84","-2,89","83,59","86,20","2,18B"
"04/04/2022","85,31","86,34","1,01","85,11","86,61","1,45B"
"01/04/2022","85,32","85,47","1,42","84,69","85,95","1,91B"
"31/03/2022","85,00","84,28","-0,28","84,06","85,41","1,51B"
"30/03/2022","84,91","84,51","1,43","83,98","85,61","1,86B"
"29/03/2022","84,05","83,32","-0,86","82,34","84,33","3,19B"
"28/03/2022","84,36","84,05","0,12","82,52","84,93","1,36B"
"25/03/2022","86,13","83,95","-1,73","83,13","86,66","1,89B"
"24/03/2022","84,80","85,43","0,54","84,02","86,04","1,96B"
"23/03/2022","85,95","84,97","-0,22","84,88","87,22","2,25B"
"22/03/2022","86,84","85,16","-2,24","84,80","87,24","2,51B"
"21/03/2022","85,80","87,11","2,83","85,64","87,65","2,20B"
"18/03/2022","84,11","84,71","1,90","82,69","84,71","1,93B"
"17/03/2022","81,90","83,13","3,48","81,60","83,73","3,36B"
"16/03/2022","81,01","80,33","2,43","78,73","82,76","3,02B"
"15/03/2022","78,45","78,43","-2,87","76,94","78,97","3,39B"
"14/03/2022","83,73","80,75","-5,36","80,44","83,92","3,01B"
"11/03/2022","85,89","85,32","-0,52","85,30","86,75","2,09B"
"10/03/2022","83,31","85,77","3,30","82,94","85,77","2,80B"
"09/03/2022","84,44","83,03","-2,63","81,60","84,45","3,39B"
"08/03/2022","90,81","85,27","-4,39","84,64","90,92","4,60B"
"07/03/2022","88,65","89,18","3,04","88,17","89,89","4,93B"
"04/03/2022","83,76","86,55","2,28","83,29","86,66","2,61B"
"03/03/2022","85,05","84,63","0,05","84,46","85,95","3,29B"
"02/03/2022","84,01","84,58","7,99","82,39","84,63","3,53B"
"25/02/2022","73,44","78,33","5,41","72,23","78,44","3,89B"
"24/02/2022","71,83","74,30","1,24","71,07","74,73","2,71B"
"23/02/2022","74,77","73,40","-1,05","72,62","74,98","1,79B"
"22/02/2022","73,58","74,18","1,73","72,83","74,19","1,74B"
"21/02/2022","73,51","72,91","0,08","72,57","74,69","1,08B"
"18/02/2022","73,37","72,85","0,21","72,51","73,87","1,64B"
"17/02/2022","75,42","72,70","-4,30","72,46","75,54","2,66B"
"16/02/2022","75,92","75,97","0,73","75,63","76,92","1,58B"
"15/02/2022","75,56","75,42","-2,97","74,44","76,34","2,24B"
"14/02/2022","77,34","77,73","-0,44","77,09","78,23","1,77B"
"11/02/2022","79,24","78,07","-2,02","77,75","79,28","2,71B"
"10/02/2022","78,47","79,68","2,69","78,12","80,20","3,80B"
"09/02/2022","76,39","77,59","0,02","75,82","77,92","1,92B"
"08/02/2022","76,77","77,57","1,40","75,97","77,65","2,05B"
"07/02/2022","74,82","76,50","2,44","74,82","76,60","1,89B"
"04/02/2022","72,79","74,68","2,60","72,62","74,84","1,82B"
"03/02/2022","73,25","72,79","-0,05","72,42","73,66","1,40B"
"02/02/2022","72,57","72,82","0,56","71,91","73,24","1,27B"
"01/02/2022","69,18","72,41","5,49","69,07","72,43","1,72B"
"31/01/2022","70,40","68,64","-3,33","68,64","70,40","2,17B"
"28/01/2022","72,64","71,01","-0,98","70,31","73,29","2,04B"